boystownUSA ,30,5,3/31/20 9:30,1
Vpipe21 ,30,6,3/31/20 9:39,3
Individual: th2718 ,30,1,3/31/20 9:48,8
gamers ,30,2,3/31/20 9:52,10
Individual: yrm2106 ,30,1,3/31/20 10:01,11
Individual: mic2136 ,30,1,3/31/20 10:05,13
Individual: asp2199 ,30,1,3/31/20 10:09,14
Housing2020 ,30,6,3/31/20 10:13,15
ajust2021 ,30,5,3/31/20 10:22,17
SEAS Pastry ,30,4,3/31/20 10:31,21
Individual: lc3270 ,30,1,3/31/20 10:40,22
Individual: yw3472 ,30,1,3/31/20 10:44,26
TITAN! ,30,5,3/31/20 10:48,28
EC Suite ,30,2,3/31/20 10:57,29
Avilucho ,30,2,3/31/20 11:06,30
SuiteLife ,30,6,3/31/20 11:15,33
RAMMMY ,30,2,3/31/20 11:24,34
Individual: jj2816 ,30,1,3/31/20 11:33,35
Jazz Bous ,30,5,3/31/20 11:37,37
Individual: bw2550 ,30,1,3/31/20 11:46,38
jjsforever ,30,2,3/31/20 11:50,41
Banana ,30,6,3/31/20 11:59,42
Individual: jal2305 ,30,1,3/31/20 12:08,43
DidYouRunItWithValgrin d ,30,4,3/31/20 12:12,47
Sorority Seniors ,30,10,3/31/20 12:21,52
Individual: imf2118 ,30,1,3/31/20 12:30,54
Shells ,30,2,3/31/20 12:34,57
Individual: bmr2153 ,30,1,3/31/20 12:43,58
Individual: jac2391 ,30,1,3/31/20 12:47,59
weissambrocio ,30,2,3/31/20 12:51,63
Individual: rdp2127 ,30,1,3/31/20 13:00,64
Nicole and Caroline ,30,2,3/31/20 13:04,65
TEAM ND ,30,6,3/31/20 13:13,68
weareold ,30,5,3/31/20 13:22,69
Individual: dll2136 ,30,1,3/31/20 13:31,70
the brownies ,30,4,3/31/20 13:35,73
Papist Pad ,30,2,3/31/20 13:44,77
Individual: lsc2157 ,30,1,3/31/20 13:53,78
Ruffleshehe ,30,5,3/31/20 13:57,79
beta fish fight club ,30,5,3/31/20 14:06,80
Brothas of John Jay ,30,3,3/31/20 14:15,82
wushuplusone ,30,4,3/31/20 14:24,84
goodhousingnumber ,30,2,3/31/20 14:33,85
Individual: emm2293 ,30,1,3/31/20 14:42,86
tik tok hype house ,30,6,3/31/20 14:46,87
Individual: sr3460 ,30,1,3/31/20 14:55,89
bum bum tam tam ,30,2,3/31/20 14:59,90
townhousebabes ,30,6,3/31/20 15:08,94
PPPPC ,30,6,3/31/20 15:17,97
abrett ,30,2,3/31/20 15:26,100
Martineli Baller Getacastro EC BOYZ ,30,6,3/31/20 15:35,110
Individual: ccb2167 ,30,1,3/31/20 15:44,113
YEETSenioRYear ,30,2,3/31/20 15:48,114
Individual: ncp2132 ,30,1,3/31/20 15:57,115
Individual: ojk2107 ,30,1,3/31/20 16:01,118
Individual: az2492 ,30,1,3/31/20 16:05,122
Individual: sy2642 ,30,1,3/31/20 16:09,124
hello ,30,2,3/31/20 16:13,125
CJDBC ,30,5,3/31/20 16:22,126
benanddiana ,30,2,4/1/20 9:00,127
Individual: img2137 ,30,1,4/1/20 9:09,130
Individual: rj2518 ,30,1,4/1/20 9:13,132
Individual: jmb2414 ,30,1,4/1/20 9:17,133
Day 1s ,30,4,4/1/20 9:21,134
Individual: mjv2143 ,30,1,4/1/20 9:30,136
MolotovRibbentrop ,30,2,4/1/20 9:34,143
Toshiba EM925A5A-SS Microwave Oven with ECO Mode ,30,4,4/1/20 9:43,144
Individual: nja2135 ,30,1,4/1/20 9:52,145
404NotFound ,30,2,4/1/20 9:56,146
Gay_4_Lykke ,30,2,4/1/20 10:05,148
Individual: WITHHELD ,30,1,4/1/20 10:14,149
HousingGroup ,30,6,4/1/20 10:18,150
THE BEST HOUSING GROUP EVER ,30,6,4/1/20 10:27,156
Abu Calypse ,30,4,4/1/20 10:36,158
squad ,30,4,4/1/20 10:45,161
BeeKnee ,30,7,4/1/20 10:54,162
BaddiesOfEC ,30,10,4/1/20 11:03,163
thehunted ,30,2,4/1/20 11:12,164
Individual: mnc2136 ,30,1,4/1/20 11:21,167
Fancy Feast ,30,5,4/1/20 11:25,168
Vive la EC ,30,6,4/1/20 11:34,170
Wherever's Finest ,30,6,4/1/20 11:43,181
Just not broadway again ,30,6,4/1/20 11:52,183
Guillelee ,30,2,4/1/20 12:01,184
cupcakering ,30,10,4/1/20 12:10,185
Felix John ,30,2,4/1/20 12:19,186
Individual: og2215 ,30,1,4/1/20 12:28,191
Ivy&Cat ,30,2,4/1/20 12:32,192
claudia and salome ,30,2,4/1/20 12:41,194
Michael Jason Justin ,30,3,4/1/20 12:50,195
Individual: cml2233 ,30,1,4/1/20 12:59,200
Rock Lamp ,30,5,4/1/20 13:03,201
SephardiPragmatism ,30,6,4/1/20 13:12,203
GLLLTBOW ,30,6,4/1/20 13:21,210
C&R Homely Suite ,30,2,4/1/20 13:30,214
Zamaan so far ,30,2,4/1/20 13:39,216
BoolerBoys ,30,2,4/1/20 13:48,217
Saltshaker ,30,4,4/1/20 13:57,221
koolkidsklub ,30,4,4/1/20 14:06,222
Individual: ajp2240 ,30,1,4/1/20 14:15,226
Meyers-Matos ,30,2,4/1/20 14:19,228
Individual: dp3039 ,30,1,4/1/20 14:28,229
housingpals ,30,4,4/1/20 14:32,230
Individual: jb4083 ,30,1,4/1/20 14:41,235
Barbz ,30,7,4/1/20 14:45,236
FrumFive ,30,5,4/1/20 14:54,237
BABES666 ,30,2,4/1/20 15:03,238
Individual: zf2240 ,30,1,4/1/20 15:12,239
Old Pickles ,30,5,4/1/20 15:16,243
FoxGroup ,30,2,4/1/20 15:25,245
Pops Suite 2020 ,30,6,4/1/20 15:34,249
Stick ,30,2,4/1/20 15:43,251
Individual: vh2279 ,30,1,4/1/20 15:52,254
Beatles ,30,3,4/1/20 15:56,256
Starr and Naomi ,30,2,4/1/20 16:05,258
sangio-ho ,30,2,4/1/20 16:14,259
jord+soph ,30,2,4/1/20 16:23,261
Individual: ep2979 ,30,1,4/2/20 9:00,262
froggy chair ,30,10,4/2/20 9:04,264
Minqi & Eva ,30,2,4/2/20 9:13,265
Platano ,30,6,4/2/20 9:22,266
Boofy ,30,2,4/2/20 9:31,268
Individual: aw3067 ,30,1,4/2/20 9:40,269
Individual: app2147 ,30,1,4/2/20 9:44,271
Individual: sc3999 ,30,1,4/2/20 9:48,276
Lions Baseball 2021 ,30,6,4/2/20 9:52,277
Diana_Jos ,30,2,4/2/20 10:01,282
HQYZZ ,30,5,4/2/20 10:10,283
Individual: mbb2173 ,30,1,4/2/20 10:19,285
ihatemidterms ,30,2,4/2/20 10:23,286
Lions2021 ,30,5,4/2/20 10:32,288
Matt&W illiam ,30,2,4/2/20 10:41,289
Individual: aep2189 ,30,1,4/2/20 10:50,291
Mondog ,30,2,4/2/20 10:54,292
signu21 ,30,6,4/2/20 11:03,293
Big Chungus ,30,2,4/2/20 11:12,295
Hogan7Gurls ,30,4,4/2/20 11:21,299
N+R Double ,30,2,4/2/20 11:30,301
Groupies ,30,2,4/2/20 11:39,302
Since 2017 ,30,2,4/2/20 11:48,306
Rainbow Bagels ,30,2,4/2/20 11:57,307
Best Group Ever ,30,5,4/2/20 12:06,309
Individual: ap3801 ,30,1,4/2/20 12:15,316
Turkey Sandwich ,30,6,4/2/20 12:19,317
Individual: xw2523 ,30,1,4/2/20 12:28,318
KJisthebest ,30,6,4/2/20 12:32,321
banana2020 ,30,3,4/2/20 12:41,326
Individual: mhw2147 ,30,1,4/2/20 12:50,328
Individual: cl3644 ,30,1,4/2/20 12:54,330
Individual: kyz2003 ,30,1,4/2/20 12:58,331
Individual: amg2385 ,30,1,4/2/20 13:02,332
The Duke and Duchess of Sussex ,30,2,4/2/20 13:06,334
Super Smash Bros ,30,2,4/2/20 13:15,337
Seniordreamlife ,30,4,4/2/20 13:24,340
andymarygroup ,30,2,4/2/20 13:33,342
Individual: faa2158 ,30,1,4/2/20 13:42,365
Individual: lg2821 ,30,1,4/2/20 13:46,366
Individual: wl2687 ,30,1,4/2/20 13:50,368
Individual: jl4815 ,30,1,4/2/20 13:54,369
Individual: bw2552 ,30,1,4/2/20 13:58,370
Individual: meb2293 ,30,1,4/2/20 14:02,378
The Good Boys ,30,2,4/2/20 14:06,379
Individual: bm2971 ,30,1,4/2/20 14:15,381
Individual: mgd2140 ,30,1,4/2/20 14:19,383
cupcakeluvr ,30,7,4/2/20 14:23,389
HOUSING SQUAD ,30,5,4/2/20 14:32,393
W attPlz ,30,2,4/2/20 14:41,399
Individual: azm2109 ,30,1,4/2/20 14:50,403
Individual: so2520 ,30,1,4/2/20 14:54,405
Tanya and Ana ,30,2,4/2/20 14:58,406
Individual: acf2171 ,30,1,4/2/20 15:07,407
Sweet M8tes ,30,4,4/2/20 15:11,408
M-416 ,30,2,4/2/20 15:20,414
Spongebob & Patrick ,30,2,4/2/20 15:29,419
Individual: gaw2133 ,30,1,4/2/20 15:38,421
notsnakes ,30,4,4/2/20 15:42,426
jracdcmk ,30,4,4/2/20 15:51,431
Individual: rag2194 ,30,1,4/2/20 16:00,432
Individual: cc4179 ,30,1,4/2/20 16:04,436
covid20 ,30,5,4/2/20 16:08,441
sexy six ,30,6,4/2/20 16:17,445
Individual: lal2172 ,30,1,4/2/20 16:26,448
Marvel Crew ,30,5,4/3/20 9:00,449
Individual: ntm2123 ,30,1,4/3/20 9:09,454
Ansaf2.0 ,30,2,4/3/20 9:13,456
Gupta Sisters ,30,2,4/3/20 9:22,470
thesuitelife ,30,6,4/3/20 9:31,474
Individual: ceb2234 ,30,1,4/3/20 9:40,477
Individual: tm2912 ,30,1,4/3/20 9:44,478
ecseniorswefreakingrock ,30,10,4/3/20 9:48,480
Individual: tz2450 ,30,1,4/3/20 9:57,486
813 Boys ,30,4,4/3/20 10:01,487
Individual: xl2706 ,30,1,4/3/20 10:10,492
Individual: do2312 ,30,1,4/3/20 10:14,493
MartinLeopold ,30,2,4/3/20 10:18,496
Suite Life ,30,5,4/3/20 10:27,497
Individual: tod2102 ,30,1,4/3/20 10:36,501
Chef Mike ,30,5,4/3/20 10:40,502
Individual: mwm2164 ,30,1,4/3/20 10:49,503
SWEET SUITE ,30,5,4/3/20 10:53,504
fuzzywalnuts ,30,6,4/3/20 11:02,505
The Band of The Hawk ,30,5,4/3/20 11:11,509
eastcampus1206 ,30,2,4/3/20 11:20,511
Queens21 ,30,5,4/3/20 11:29,514
Individual: jth2165 ,30,1,4/3/20 11:38,518
Individual: nhh2112 ,30,1,4/3/20 11:42,521
happyhotwuhan ,30,7,4/3/20 11:46,522
sugonda ,30,6,4/3/20 11:55,524
Individual: jwk2139 ,30,1,4/3/20 12:04,527
ladiez ,30,3,4/3/20 12:08,529
Pret a Manger ,30,5,4/3/20 12:17,531
Individual: mo2769 ,30,1,4/3/20 12:26,534
indigibabes ,30,2,4/3/20 12:30,535
Sunny's Biatches ,30,6,4/3/20 12:39,536
Individual: sab2336 ,30,1,4/3/20 12:48,538
Individual: sm4254 ,30,1,4/3/20 12:52,540
NotSchapiro ,30,6,4/3/20 12:56,545
Individual: jav2180 ,30,1,4/3/20 13:05,546
Chicken Wings ,30,5,4/3/20 13:09,547
Individual: zrf2102 ,30,1,4/3/20 13:18,549
harmony2.0 ,30,6,4/3/20 13:22,551
Individual: js5601 ,30,1,4/3/20 13:31,552
Jason Momoa Fan Club ,30,10,4/3/20 13:35,553
Tamers ,30,2,4/3/20 13:44,554
Individual: ch3418 ,30,1,4/3/20 13:53,556
Individual: yz3780 ,30,1,4/3/20 13:57,562
Individual: ms4911 ,30,1,4/3/20 14:01,563
Individual: jj2929 ,30,1,4/3/20 14:05,567
mushuin4ec ,30,10,4/3/20 14:09,570
Individual: ims2152 ,30,1,4/3/20 14:18,576
Individual: skh2150 ,30,1,4/3/20 14:22,578
kweens ,30,4,4/3/20 14:26,579
Irissifer ,30,2,4/3/20 14:35,581
Hajar + Hifza ,30,2,4/3/20 14:44,585
Housing Group 2020 ,30,4,4/3/20 14:53,587
JLG1110 ,30,2,4/3/20 15:02,590
Vivienne's residents ,30,5,4/3/20 15:11,592
Hot Thots ,30,5,4/3/20 15:20,598
Individual: mt3076 ,30,1,4/3/20 15:29,600
Individual: egm2149 ,30,1,4/3/20 15:33,604
W attever ,30,2,4/3/20 15:37,610
Individual: cum2102 ,30,1,4/3/20 15:46,611
idunnoman ,30,6,4/3/20 15:50,614
Individual: jah2296 ,30,1,4/3/20 15:59,615
Hogan Gs ,30,4,4/3/20 16:03,616
the gays ,30,6,4/3/20 16:12,618
Individual: ml4056 ,30,1,4/3/20 16:21,623
Individual: nk2878 ,30,1,4/3/20 16:25,624
Riri and Jules ,30,2,4/6/20 9:00,631
Individual: jth2160 ,30,1,4/6/20 9:09,632
JTSS'21 ,30,4,4/6/20 9:13,633
MichelinMen ,30,2,4/6/20 9:22,637
Senior Housing! ,30,6,4/6/20 9:31,638
Individual: os2317 ,30,1,4/6/20 9:40,640
eurasians ,30,2,4/6/20 9:44,642
peanutbutter ,30,2,4/6/20 9:53,644
Commitment ,30,5,4/6/20 10:02,645
Individual: pmt2117 ,30,1,4/6/20 10:11,648
Individual: al3860 ,30,1,4/6/20 10:15,652
Owen is GLAD ,30,4,4/6/20 10:19,654
Individual: ncz2103 ,30,1,4/6/20 10:28,655
PainAuChocolat ,30,5,4/6/20 10:32,656
Individual: tdk2117 ,30,1,4/6/20 10:41,657
Individual: sj2938 ,30,1,4/6/20 10:45,658
Individual: mt3410 ,30,1,4/6/20 10:49,659
Sad Asian Docks ,30,2,4/6/20 10:53,661
Xixixi ,30,4,4/6/20 11:02,662
Individual: jz2903 ,30,1,4/6/20 11:11,666
Individual: kh2868 ,30,1,4/6/20 11:15,667
GORLIES SENIOR YEAR ,30,5,4/6/20 11:19,668
Individual: jtl2169 ,30,1,4/6/20 11:28,672
CrossVolley ,30,6,4/6/20 11:32,674
swagciti ,30,6,4/6/20 11:41,677
Gonzalez's Pad ,30,2,4/6/20 11:50,679
Individual: mmm2404 ,30,1,4/6/20 11:59,682
seniorhousing2020 ,30,4,4/6/20 12:03,685
3-2 G G ,30,6,4/6/20 12:12,686
Sera1 ,30,2,4/6/20 12:21,688
Individual: zl2610 ,30,1,4/6/20 12:30,691
Individual: oaw2105 ,30,1,4/6/20 12:34,692
"Started from the LLC Now We're Here ",30,4,4/6/20 12:38,697
ClownCamp ,30,10,4/6/20 12:47,698
No Science Allowed ,30,5,4/6/20 12:56,700
rushing ,30,6,4/6/20 13:05,702
Texas A&M ,30,2,4/6/20 13:14,703
ec2020 ,30,5,4/6/20 13:23,706
Individual: nmj2120 ,30,1,4/6/20 13:32,708
The gang ,30,4,4/6/20 13:36,710
Individual: oeb2108 ,30,1,4/6/20 13:45,713
the yuttas ,30,6,4/6/20 13:49,714
convent living ,30,4,4/6/20 13:58,715
townhouse21 ,30,4,4/6/20 14:07,716
Individual: jl5016 ,30,1,4/6/20 14:16,719
Individual: sk4110 ,30,1,4/6/20 14:20,723
Theta x CU GEN ,30,8,4/6/20 14:24,725
thelads ,30,4,4/6/20 14:33,726
Individual: yc3384 ,30,1,4/6/20 14:42,728
anna and charlie ,30,2,4/6/20 14:46,732
Individual: mvp2131 ,30,1,4/6/20 14:55,733
Cam is our cleaning lady 2020 ,30,6,4/6/20 14:59,736
Individual: hif2105 ,30,1,4/6/20 15:08,737
Individual: poa2104 ,30,1,4/6/20 15:12,738
Ahad-Noah ,30,2,4/6/20 15:16,739
Chichous ,30,2,4/6/20 15:25,740
finallygraduating ,30,4,4/6/20 15:34,741
Individual: ecg2180 ,30,1,4/6/20 15:43,744
dirtiest docker ,30,2,4/6/20 15:47,745
wokhardgivemetheruns ,30,4,4/6/20 15:56,748
Individual: jjm2245 ,30,1,4/6/20 16:05,749
Individual: jc5349 ,30,1,4/6/20 16:09,752
jlgmb ,30,5,4/6/20 16:13,753
4 boyz 1 suite ,30,4,4/6/20 16:22,754
Team Sungbin ,30,6,4/7/20 9:00,756
Individual: nnp2116 ,30,1,4/7/20 9:09,757
Money Makers ,30,2,4/7/20 9:13,760
Individual: sp3583 ,30,1,4/7/20 9:22,762
Individual: ad3470 ,30,1,4/7/20 9:26,763
Individual: jrb2260 ,30,1,4/7/20 9:30,765
neighborhood ,30,10,4/7/20 9:34,767
Chez Gay ,30,2,4/7/20 9:43,768
Individual: jmr2278 ,30,1,4/7/20 9:52,770
Individual: jf3119 ,30,1,4/7/20 9:56,772
CarmanToEC ,30,6,4/7/20 10:00,774
A&K2020 ,30,2,4/7/20 10:09,775
Suite2021 ,30,4,4/7/20 10:18,783
best group ,30,2,4/7/20 10:27,785
Physics Squad ,30,10,4/7/20 10:36,786
clairesfriends2020 ,30,6,4/7/20 10:45,788
senioritis ,30,6,4/7/20 10:54,789
Individual: jar2313 ,30,1,4/7/20 11:03,791
castle ,30,6,4/7/20 11:07,793
GiaRaneem ,30,2,4/7/20 11:16,796
Individual: ead2191 ,30,1,4/7/20 11:25,805
Individual: wvg2103 ,30,1,4/7/20 11:29,807
Individual: jr3751 ,30,1,4/7/20 11:33,808
Pooja'sGroupies ,30,6,4/7/20 11:37,809
Individual: sry2108 ,30,1,4/7/20 11:46,818
Abelian(nonP)-Group ,30,4,4/7/20 11:50,821
gracekelly ,30,2,4/7/20 11:59,822
Individual: ms5511 ,30,1,4/7/20 12:08,824
Individual: saw2218 ,30,1,4/7/20 12:12,826
Henri's Group ,30,6,4/7/20 12:16,828
seniors99 ,30,6,4/7/20 12:25,829
Individual: ayc2147 ,30,1,4/7/20 12:34,831
The Boys ,30,2,4/7/20 12:38,832
Individual: lhl2131 ,30,1,4/7/20 12:47,833
Individual: lr2755 ,30,1,4/7/20 12:51,841
Individual: cr2961 ,30,1,4/7/20 12:55,845
Individual: rsz2111 ,30,1,4/7/20 12:59,847
Get EC ,30,5,4/7/20 13:03,849
Individual: thc2126 ,30,1,4/7/20 13:12,854
punthaus ,30,5,4/7/20 13:16,855
palss ,30,2,4/7/20 13:25,856
Virginia ,30,2,4/7/20 13:34,857
<uwu> ,30,7,4/7/20 13:43,860
Neo Furnald 6 ,30,6,4/7/20 13:52,862
Individual: vjs2122 ,30,1,4/7/20 14:01,864
Individual: mfv2110 ,30,1,4/7/20 14:05,867
lacrosseseniors ,30,6,4/7/20 14:09,868
Individual: bb2763 ,30,1,4/7/20 14:18,869
survey monkeys ,30,6,4/7/20 14:22,870
Soccer Boys ,30,6,4/7/20 14:31,871
shenanigans ,30,6,4/7/20 14:40,873
Team Rocket ,30,4,4/7/20 14:49,879
Group ,30,2,4/7/20 14:58,881
wattshouldournamebe ,30,2,4/7/20 15:07,886
Vibes ,30,2,4/7/20 15:16,888
The Pajeenors ,30,9,4/7/20 15:25,890
SeniorMD ,30,2,4/7/20 15:34,899
SingleSZN ,30,2,4/7/20 15:43,903
AdventureTime ,30,3,4/7/20 15:52,907
6 BBs in Thee Suite ,30,6,4/7/20 16:01,910
Individual: jth2166 ,30,1,4/7/20 16:10,911
Individual: ew2574 ,30,1,4/7/20 16:14,912
EC 2020 ,30,5,4/7/20 16:18,915
Individual: clw2173 ,30,1,4/7/20 16:27,916
Individual: amb2414 ,30,1,4/8/20 9:00,918
Individual: jlj2173 ,30,1,4/8/20 9:04,919
Individual: aad2187 ,30,1,4/8/20 9:08,920
Individual: Mar2299 ,30,1,4/8/20 9:12,922
Individual: kn2427 ,30,1,4/8/20 9:16,924
gradient_descent ,30,2,4/8/20 9:20,925
Erica&Abi ,30,2,4/8/20 9:29,927
Individual: afa2135 ,30,1,4/8/20 9:38,928
Haushaus ,30,6,4/8/20 9:42,930
Individual: sc4131 ,30,1,4/8/20 9:51,931
wishforhogan ,30,5,4/8/20 9:55,932
Individual: ahs2174 ,30,1,4/8/20 10:04,933
Individual: vwk2105 ,30,1,4/8/20 10:08,938
EC 21! ,30,6,4/8/20 10:12,939
Andale ,30,2,4/8/20 10:21,940
Individual: aje2131 ,30,1,4/8/20 10:30,941
Ed Smith Sucks ,30,4,4/8/20 10:34,942
Individual: an2817 ,30,1,4/8/20 10:43,943
Kaystacks ,30,6,4/8/20 10:47,944
Tiputis ,30,2,4/8/20 10:56,947
Senior_Squad ,30,6,4/8/20 11:05,948
Individual: jj2936 ,30,1,4/8/20 11:14,949
CapitalismBad ,30,4,4/8/20 11:18,952
Individual: dvt2102 ,30,1,4/8/20 11:27,957
Mickey ,30,4,4/8/20 11:31,958
the lamp shop ,30,5,4/8/20 11:40,959
Individual: kr2752 ,30,1,4/8/20 11:49,965
Subterra Gang ,30,7,4/8/20 11:53,968
Individual: ba2503 ,30,1,4/8/20 12:02,973
daBestGroup ,30,4,4/8/20 12:06,975
koronets ,30,2,4/8/20 12:15,977
homeies ,28.5714,7,4/8/20 13:24,1032
basketballisfun ,27.5,4,4/8/20 13:33,1054
Riceball Dodgers ,26,5,4/8/20 13:42,1103
A lot of people ,25,2,4/8/20 13:51,1210
buddyolpal ,25,2,4/8/20 14:00,1214
lucasandyareli ,25,2,4/8/20 14:09,1227
AJ and Peter ,25,2,4/8/20 14:18,1230
Pizza passion ,25,2,4/8/20 14:27,1235
jrrl21 ,25,2,4/8/20 14:36,1239
virginia slim girls ,25,2,4/8/20 14:45,1242
bad b****** get ec ,25,2,4/8/20 14:54,1243
Honey Garlic Chicken W ings ,25,2,4/8/20 15:03,1263
Eggylicious ,25,2,4/8/20 15:12,1265
W oody ,25,2,4/8/20 15:21,1267
Avery and Skylar ,25,2,4/8/20 15:30,1270
Boufa ,25,2,4/8/20 15:39,1272
toni+zerui+jordan ,23.3333,3,4/8/20 15:48,1325
shivikalnat ,23.3333,3,4/8/20 15:57,1342
ripjhouse ,22.8571,7,4/8/20 16:06,1455
Vault and Syd ,22.5,4,4/8/20 16:15,1519
weareAAAA ,22.5,4,4/13/20 9:00,1548
Quattro Barzotti ,22,5,4/13/20 9:09,1612
MatAkDavDan ,22,5,4/13/20 9:18,1627
Fu Foundation ,22,5,4/13/20 9:27,1642
Housing Group 20_21 ,22,5,4/13/20 9:36,1680
selloutsforjesus ,22,5,4/13/20 9:45,1692
Put Us In Watt Please ,22,5,4/13/20 9:54,1693
lebrons group ,21.6666,6,4/13/20 10:03,1726
Asians ,21.6666,6,4/13/20 10:12,1752
JUNIORSYEAH ,21.25,8,4/13/20 10:21,1801
strawberrymilktea ,21.25,8,4/13/20 10:30,1860
ca$ino royale ,21,10,4/13/20 10:39,1924
Housing1 ,21,10,4/13/20 10:48,1934
Baseball 2020 ,21,10,4/13/20 10:57,1938
Maddie and Emily ,20,2,4/13/20 11:36,2003
Individual: mhb2177 ,20,1,4/13/20 11:45,2004
Individual: ipf2107 ,20,1,4/13/20 11:49,2005
KBCBSDMR ,20,4,4/13/20 11:53,2006
Queenies ,20,2,4/13/20 12:02,2007
Shapiro706 ,20,2,4/13/20 12:11,2008
Individual: jy2814 ,20,1,4/13/20 12:20,2010
Individual: gad2144 ,20,1,4/13/20 12:24,2017
Individual: md3713 ,20,1,4/13/20 12:28,2018
Individual: jio2108 ,20,1,4/13/20 12:32,2020
funhousing ,20,2,4/13/20 12:36,2023
ind_jan ,20,2,4/13/20 12:45,2027
Individual: jmc2375 ,20,1,4/13/20 12:54,2030
Individual: jw3731 ,20,1,4/13/20 12:58,2031
No KAP ,20,3,4/13/20 13:02,2032
Heckers ,20,3,4/13/20 13:11,2033
Individual: yc3209 ,20,1,4/13/20 13:20,2034
Individual: mmd2232 ,20,1,4/13/20 13:24,2035
FLAMMS ,20,6,4/13/20 13:28,2037
nextyearhousingms ,20,2,4/13/20 13:37,2038
Individual: sp3696 ,20,1,4/13/20 13:46,2040
Individual: rab2268 ,20,1,4/13/20 13:50,2043
minecraft gang ,20,3,4/13/20 13:54,2045
lifeoftheparty ,20,4,4/13/20 14:03,2047
Individual: ers2239 ,20,1,4/13/20 14:12,2052
Individual: jd3519 ,20,1,4/13/20 14:16,2054
Individual: skd2148 ,20,1,4/13/20 14:20,2056
Leeheath ,20,2,4/13/20 14:24,2059
Individual: pjc2182 ,20,1,4/13/20 14:33,2061
Individual: bs3248 ,20,1,4/13/20 14:37,2066
JJ8Lads ,20,8,4/13/20 14:41,2068
Individual: smp2230 ,20,1,4/13/20 14:50,2071
Individual: aso2126 ,20,1,4/13/20 14:54,2076
Elyas' Group ,20,9,4/13/20 14:58,2080
Sally&Mei ,20,2,4/13/20 15:07,2081
TrackJuniors ,20,8,4/13/20 15:16,2084
HavingATalkBeforeHand ,20,4,4/13/20 15:25,2085
clarem ,20,2,4/13/20 15:34,2087
PleaseBigSingles ,20,5,4/13/20 15:43,2088
Individual: vi2146 ,20,1,4/13/20 15:52,2089
Individual: mmz2122 ,20,1,4/13/20 15:56,2090
Em Patrick Ava ,20,5,4/13/20 16:00,2091
OF2020 ,20,6,4/13/20 16:09,2093
CUW S2022 ,20,7,4/13/20 16:18,2094
Individual: bg2647 ,20,1,4/13/20 16:27,2095
Individual: jg4055 ,20,1,4/14/20 9:00,2096
Individual: ark2198 ,20,1,4/14/20 9:04,2099
Individual: bbs2137 ,20,1,4/14/20 9:08,2101
Individual: alg2241 ,20,1,4/14/20 9:12,2107
Individual: jcd2219 ,20,1,4/14/20 9:16,2108
Individual: jml2361 ,20,1,4/14/20 9:20,2109
Individual: bv2269 ,20,1,4/14/20 9:24,2112
BEST! ,20,4,4/14/20 9:28,2113
Bankstreetboys ,20,2,4/14/20 9:37,2115
groupname ,20,4,4/14/20 9:46,2118
Framonki ,20,3,4/14/20 9:55,2119
Individual: aeb2270 ,20,1,4/14/20 10:04,2122
Individual: vat2123 ,20,1,4/14/20 10:08,2125
Individual: bn2303 ,20,1,4/14/20 10:12,2128
Individual: fa2506 ,20,1,4/14/20 10:16,2129
Khyber and Sid ,20,2,4/14/20 10:20,2135
Individual: lns2143 ,20,1,4/14/20 10:29,2136
goodNumberplz ,20,4,4/14/20 10:33,2137
Lions ,20,6,4/14/20 10:42,2138
Individual: ke2346 ,20,1,4/14/20 10:51,2141
JJ6+Leanne ,20,6,4/14/20 10:55,2144
CUW BB22 ,20,5,4/14/20 11:04,2145
Individual: cln2127 ,20,1,4/14/20 11:13,2148
Individual: fc2608 ,20,1,4/14/20 11:17,2157
jiaYOU ,20,4,4/14/20 11:21,2158
Winning Combo ,20,4,4/14/20 11:30,2159
T aiwan ,20,4,4/14/20 11:39,2165
lentil ,20,6,4/14/20 11:48,2168
Individual: mgv2119 ,20,1,4/14/20 11:57,2170
MCBAIN7PART2 ,20,8,4/14/20 12:01,2173
Negresses ,20,4,4/14/20 12:10,2180
Columbia Athletes 2022 ,20,4,4/14/20 12:19,2181
Destiny's Toes ,20,2,4/14/20 12:28,2182
Individual: WITHHELD ,20,1,4/14/20 12:37,2192
Individual: jon2106 ,20,1,4/14/20 12:41,2194
Individual: ew2629 ,20,1,4/14/20 12:45,2197
Ligma Nu ,20,8,4/14/20 12:49,2199
Individual: km3542 ,20,1,4/14/20 12:58,2200
Passion fruit Refresca ,20,2,4/14/20 13:02,2203
Individual: nmk2141 ,20,1,4/14/20 13:11,2205
Ja(i)ne ,20,2,4/14/20 13:15,2206
Individual: jis2151 ,20,1,4/14/20 13:24,2211
2022Savages ,20,5,4/14/20 13:28,2214
Sanders Sisters ,20,4,4/14/20 13:37,2215
Individual: rwt2116 ,20,1,4/14/20 13:46,2218
Individual: ib2416 ,20,1,4/14/20 13:50,2223
Individual: mrs2311 ,20,1,4/14/20 13:54,2224
Makialyssa ,20,3,4/14/20 13:58,2231
jeal! ,20,4,4/14/20 14:07,2232
Individual: fp2390 ,20,1,4/14/20 14:16,2233
SingleLadies ,20,2,4/14/20 14:20,2238
Individual: kcl2147 ,20,1,4/14/20 14:29,2241
Individual: ss5659 ,20,1,4/14/20 14:33,2244
Le Co-op ,20,10,4/14/20 14:37,2245
Individual: ab4743 ,20,1,4/14/20 14:46,2251
Individual: bmb2193 ,20,1,4/14/20 14:50,2253
Will's Group ,20,6,4/14/20 14:54,2256
Individual: yl4409 ,20,1,4/14/20 15:03,2257
Les Amis ,20,2,4/14/20 15:07,2258
Individual: fic2102 ,20,1,4/14/20 15:16,2264
Individual: mah2331 ,20,1,4/14/20 15:20,2265
The Yids ,20,8,4/14/20 15:24,2266
Individual: ccg2151 ,20,1,4/14/20 15:33,2268
ThaliaSam ,20,2,4/14/20 15:37,2270
Individual: ksc2145 ,20,1,4/14/20 15:46,2271
Individual: xov2000 ,20,1,4/14/20 15:50,2272
iggy's boyz ,20,4,4/14/20 15:54,2274
Individual: maz2134 ,20,1,4/14/20 16:03,2278
Kelcie & Absara ,20,2,4/14/20 16:07,2281
T esting ,20,9,4/14/20 16:16,2283
Hamdel ,20,4,4/17/20 9:00,2286
Joining That ,20,10,4/17/20 9:09,2288
JennKatClaire ,20,3,4/17/20 9:18,2289
Individual: arj2145 ,20,1,4/17/20 9:27,2291
Individual: hh2772 ,20,1,4/17/20 9:31,2294
Individual: snt2127 ,20,1,4/17/20 9:35,2299
littyasatitty ,20,2,4/17/20 9:39,2301
Individual: jmk2283 ,20,1,4/17/20 9:48,2302
Individual: mzd2103 ,20,1,4/17/20 9:52,2303
YEEZY ,20,2,4/17/20 9:56,2306
Individual: jmb2443 ,20,1,4/17/20 10:05,2311
Haund Dog ,20,8,4/17/20 10:09,2320
michaeljanselfs ,20,7,4/17/20 10:18,2321
EastCampus ,20,7,4/17/20 10:27,2322
goldenegg2020 ,20,2,4/17/20 10:36,2326
Individual: tt2717 ,20,1,4/17/20 10:45,2327
Individual: rm3612 ,20,1,4/17/20 10:49,2328
Individual: dt2632 ,20,1,4/17/20 10:53,2329
mackiejackie ,20,2,4/17/20 10:57,2331
Individual: ms5992 ,20,1,4/17/20 11:06,2332
Individual: asj2157 ,20,1,4/17/20 11:10,2333
Individual: aor2110 ,20,1,4/17/20 11:14,2334
Individual: ark2199 ,20,1,4/17/20 11:18,2335
Individual: nca2130 ,20,1,4/17/20 11:22,2336
malloc ,20,2,4/17/20 11:26,2337
Birdland ,20,4,4/17/20 11:35,2338
Individual: ejh2200 ,20,1,4/17/20 11:44,2339
Individual: ga2536 ,20,1,4/17/20 11:48,2340
Individual: mcy2114 ,20,1,4/17/20 11:52,2342
Individual: tn2388 ,20,1,4/17/20 11:56,2345
Individual: mk4317 ,20,1,4/17/20 12:00,2347
Transfer Gang Gang ,20,4,4/17/20 12:04,2349
Fencing and Rowing 2020-2021 ,20,8,4/17/20 12:13,2351
Individual: hir2105 ,20,1,4/17/20 12:22,2353
sisepuede ,20,9,4/17/20 12:26,2355
Individual: knl2119 ,20,1,4/17/20 12:35,2357
LemonPie ,20,2,4/17/20 12:39,2362
Individual: awy2110 ,20,1,4/17/20 12:48,2366
Individual: jsk2239 ,20,1,4/17/20 12:52,2367
Individual: mgc2160 ,20,1,4/17/20 12:56,2370
Janet>Velvet Rope ,20,2,4/17/20 13:00,2371
The Big Wrenches ,20,8,4/17/20 13:09,2373
The Nophined ,20,5,4/17/20 13:18,2375
Individual: awb2138 ,20,1,4/17/20 13:27,2377
Gayz in Rugz ,20,8,4/17/20 13:31,2379
halal tings ,20,2,4/17/20 13:40,2380
Home Suite Home ,20,8,4/17/20 13:49,2383
Best Suite 8Ever ,20,8,4/17/20 13:58,2384
Individual: emw2184 ,20,1,4/17/20 14:07,2385
Individual: bph2121 ,20,1,4/17/20 14:11,2386
Corona ,20,8,4/17/20 14:15,2387
Doritos Cheetos ,20,6,4/17/20 14:24,2389
KRNEMYC ,20,8,4/17/20 14:33,2390
Individual: cc4043 ,20,1,4/17/20 14:42,2393
Individual: edw2142 ,20,1,4/17/20 14:46,2396
Individual: jwk2140 ,20,1,4/17/20 14:50,2397
Individual: wh2428 ,20,1,4/17/20 14:54,2398
Individual: sz2803 ,20,1,4/17/20 14:58,2400
U Got Me Trippin ,20,2,4/17/20 15:02,2402
Cookies ,20,6,4/17/20 15:11,2404
K&S Cookies ,20,2,4/17/20 15:20,2405
Individual: jsa2174 ,20,1,4/17/20 15:29,2410
Individual: mp3581 ,20,1,4/17/20 15:33,2414
Individual: ao2682 ,20,1,4/17/20 15:37,2418
Individual: acp2207 ,20,1,4/17/20 15:41,2420
Individual: ier2109 ,20,1,4/17/20 15:45,2421
Get Schwifty ,20,2,4/17/20 15:49,2422
Full Time Flex ,20,4,4/17/20 15:58,2423
Individual: jpc2205 ,20,1,4/17/20 16:07,2424
CatLadiesUnite ,20,2,4/17/20 16:11,2427
Individual: sas2415 ,20,1,4/17/20 16:20,2430
MMM&A ,20,4,4/17/20 16:24,2434
Individual: bh2699 ,20,1,4/20/20 9:00,2436
Me and Jess ,20,2,4/20/20 9:04,2438
Individual: aeo2143 ,20,1,4/20/20 9:13,2444
Individual: ssm2223 ,20,1,4/20/20 9:17,2449
Individual: bc2881 ,20,1,4/20/20 9:21,2450
Individual: gtm2130 ,20,1,4/20/20 9:25,2452
ratlicht ,20,8,4/20/20 9:29,2455
savannahandtalia ,20,2,4/20/20 9:38,2456
Individual: zmm2114 ,20,1,4/20/20 9:47,2457
Individual: rp2917 ,20,1,4/20/20 9:51,2460
Individual: dmr2200 ,20,1,4/20/20 9:55,2462
Individual: mdg2193 ,20,1,4/20/20 9:59,2463
marshmallow ,20,2,4/20/20 10:03,2466
MusicHum18 ,20,3,4/20/20 10:12,2467
Individual: cj2576 ,20,1,4/20/20 10:21,2468
Individual: idn2106 ,20,1,4/20/20 10:25,2470
2-person suite please ,20,2,4/20/20 10:29,2471
Individual: arf2168 ,20,1,4/20/20 10:38,2475
Individual: lld2131 ,20,1,4/20/20 10:42,2479
Individual: sl4475 ,20,1,4/20/20 10:46,2481
Individual: amr2311 ,20,1,4/20/20 10:50,2484
Individual: hs2973 ,20,1,4/20/20 10:54,2487
suitelifeoftrang+molly ,20,2,4/20/20 10:58,2488
Individual: st3210 ,20,1,4/20/20 11:07,2490
Individual: zm2314 ,20,1,4/20/20 11:11,2495
Individual: baa2153 ,20,1,4/20/20 11:15,2496
big seas energy ,20,2,4/20/20 11:19,2497
yeehawyeet1 ,20,6,4/20/20 11:28,2498
Jews Against Fidget Spinners ,20,4,4/20/20 11:37,2502
Individual: emm2294 ,20,1,4/20/20 11:46,2504
Individual: kia2103 ,20,1,4/20/20 11:50,2507
Confirmation Kosher Dining Plan D ,20,2,4/20/20 11:54,2513
Individual: dg3064 ,20,1,4/20/20 12:03,2516
Individual: kk3305 ,20,1,4/20/20 12:07,2520
river time ,20,2,4/20/20 12:11,2524
wrweinrich ,20,2,4/20/20 12:20,2525
Twins ,20,10,4/20/20 12:29,2528
Individual: ab4741 ,20,1,4/20/20 12:38,2531
Individual: ifo2001 ,20,1,4/20/20 12:42,2532
Individual: tef2123 ,20,1,4/20/20 12:46,2534
ultimatehousing ,20,8,4/20/20 12:50,2536
Individual: dhb2137 ,20,1,4/20/20 12:59,2537
Individual: ab4742 ,20,1,4/20/20 13:03,2538
Individual: bja2135 ,20,1,4/20/20 13:07,2543
Individual: rm3611 ,20,1,4/20/20 13:11,2545
Arbys ,20,2,4/20/20 13:15,2548
WWWD! ,20,6,4/20/20 13:24,2550
Individual: jc5112 ,20,1,4/20/20 13:33,2551
Individual: js5364 ,20,1,4/20/20 13:37,2553
Noah's Ark ,20,7,4/20/20 13:41,2554
DeeJayEJ ,20,3,4/20/20 13:50,2555
Individual: iag2124 ,20,1,4/20/20 13:59,2558
Individual: zi2115 ,20,1,4/20/20 14:03,2564
Individual: ngz2101 ,20,1,4/20/20 14:07,2567
Individual: dt2631 ,20,1,4/20/20 14:11,2570
Individual: bwm2119 ,20,1,4/20/20 14:15,2572
Individual: raf2199 ,20,1,4/20/20 14:19,2577
Individual: fm2655 ,20,1,4/20/20 14:23,2580
Fourth floor ,20,4,4/20/20 14:27,2583
Individual: anj2115 ,20,1,4/20/20 14:36,2584
Individual: jl5592 ,20,1,4/20/20 14:40,2586
ASCGLKRK ,20,4,4/20/20 14:44,2587
Individual: px2137 ,20,1,4/20/20 14:53,2592
Individual: aah2198 ,20,1,4/20/20 14:57,2596
Individual: ejf2170 ,20,1,4/20/20 15:01,2597
Individual: dnd2122 ,20,1,4/20/20 15:05,2600
Individual: sel2183 ,20,1,4/20/20 15:09,2602
Individual: lrs2202 ,20,1,4/20/20 15:13,2604
Individual: wl2751 ,20,1,4/20/20 15:17,2605
Individual: kal2241 ,20,1,4/20/20 15:21,2606
Individual: ikn2104 ,20,1,4/20/20 15:25,2608
Individual: yg2626 ,20,1,4/20/20 15:29,2609
A New Start ,20,3,4/20/20 15:33,2610
Kayab ,20,2,4/20/20 15:42,2615
Individual: gd2494 ,20,1,4/20/20 15:51,2617
RugzTrapDen ,20,6,4/20/20 15:55,2621
Housing 2021 ,20,7,4/20/20 16:04,2624
Individual: dhk2147 ,20,1,4/20/20 16:13,2628
Individual: nsp2134 ,20,1,4/20/20 16:17,2633
Individual: yj2489 ,20,1,4/20/20 16:21,2637
Good Vibes Only ,20,8,4/20/20 16:25,2638
Individual: kmg2203 ,20,1,4/21/20 9:00,2639
Individual: tgs2121 ,20,1,4/21/20 9:04,2645
Individual: tc2964 ,20,1,4/21/20 9:08,2646
Individual: cde2117 ,20,1,4/21/20 9:12,2648
Individual: kp2803 ,20,1,4/21/20 9:16,2652
Schneefert ,20,2,4/21/20 9:20,2654
Individual: nmb2177 ,20,1,4/21/20 9:29,2655
Individual: lar2219 ,20,1,4/21/20 9:33,2657
The Brooklyn House ,20,5,4/21/20 9:37,2664
matt and kelley ,20,2,4/21/20 9:46,2665
Individual: ham2159 ,20,1,4/21/20 9:55,2669
Individual: bme2119 ,20,1,4/21/20 9:59,2672
asjtx ,20,4,4/21/20 10:03,2673
dimsum2.0 ,20,6,4/21/20 10:12,2674
Individual: jy3053 ,20,1,4/21/20 10:21,2677
Individual: tjk2132 ,20,1,4/21/20 10:25,2679
Individual: bi2163 ,20,1,4/21/20 10:29,2685
Milk Gang ,20,6,4/21/20 10:33,2687
crrcrr ,20,3,4/21/20 10:42,2693
Individual: erm2159 ,20,1,4/21/20 10:51,2695
Individual: cm3807 ,20,1,4/21/20 10:55,2698
Individual: sr3577 ,20,1,4/21/20 10:59,2699
Individual: bdi2102 ,20,1,4/21/20 11:03,2701
Clean Frogs ,20,2,4/21/20 11:07,2703
Individual: ejs2221 ,20,1,4/21/20 11:16,2705
wives ,20,2,4/21/20 11:20,2706
Individual: dm3410 ,20,1,4/21/20 11:29,2709
alvin and the chipmunks ,20,5,4/21/20 11:33,2710
Rhombus ,20,4,4/21/20 11:42,2712
Senior Fam ,20,4,4/21/20 11:51,2714
Individual: hc2977 ,20,1,4/21/20 12:00,2716
Individual: yz3328 ,20,1,4/21/20 12:04,2721
Individual: kew2158 ,20,1,4/21/20 12:08,2722
Individual: arb2270 ,20,1,4/21/20 12:12,2727
Individual: jgd2148 ,20,1,4/21/20 12:16,2728
hazmat ,20,8,4/21/20 12:20,2732
CUlag ,20,5,4/21/20 12:29,2735
Literally Spec ,20,4,4/21/20 12:38,2737
Individual: tlj2123 ,20,1,4/21/20 12:47,2739
Individual: ez2272 ,20,1,4/21/20 12:51,2740
Individual: jpp2149 ,20,1,4/21/20 12:55,2745
NYPD 99th Precinct ,20,2,4/21/20 12:59,2746
BigXandSuslings ,20,6,4/21/20 13:08,2750
FriendsnBeds ,20,6,4/21/20 13:17,2751
Individual: ats2174 ,20,1,4/21/20 13:26,2752
Individual: avc2130 ,20,1,4/21/20 13:30,2754
Individual: wk2327 ,20,1,4/21/20 13:34,2755
almondbutter ,20,3,4/21/20 13:38,2758
Individual: kt2716 ,20,1,4/21/20 13:47,2759
Individual: mam2558 ,20,1,4/21/20 13:51,2760
Individual: jl5593 ,20,1,4/21/20 13:55,2767
Individual: een2110 ,20,1,4/21/20 13:59,2769
Team Edward ,20,4,4/21/20 14:03,2770
Dr Meg ,20,5,4/21/20 14:12,2775
Individual: et2561 ,20,1,4/21/20 14:21,2779
Individual: nat2143 ,20,1,4/21/20 14:25,2781
Individual: daa2170 ,20,1,4/21/20 14:29,2782
Individual: tac2191 ,20,1,4/21/20 14:33,2783
Individual: geg2136 ,20,1,4/21/20 14:37,2784
Individual: am5083 ,20,1,4/21/20 14:41,2786
housing2020cm ,20,2,4/21/20 14:45,2790
8 ruggles ppl yay ,20,8,4/21/20 14:54,2792
Wheat_Yeeters_v2.0.jpe g ,20,6,4/21/20 15:03,2793
Individual: mf3230 ,20,1,4/21/20 15:12,2803
Individual: yl4093 ,20,1,4/21/20 15:16,2804
Individual: hh2741 ,20,1,4/21/20 15:20,2808
Individual: sy2826 ,20,1,4/21/20 15:24,2817
Individual: mt3306 ,20,1,4/21/20 15:28,2818
Individual: zm2315 ,20,1,4/21/20 15:32,2823
Individual: kw2807 ,20,1,4/21/20 15:36,2824
Individual: tnn2112 ,20,1,4/21/20 15:40,2827
Individual: ew2630 ,20,1,4/21/20 15:44,2832
Individual: rk2960 ,20,1,4/21/20 15:48,2834
Lana and Leah ,20,2,4/21/20 15:52,2835
Individual: jc5109 ,20,1,4/21/20 16:01,2836
loganlermanlovers48 ,20,2,4/21/20 16:05,2839
Hannah ,20,2,4/21/20 16:14,2845
TJ Maxx ,20,3,4/21/20 16:23,2847
Individual: kjh2166 ,20,1,4/22/20 9:00,2848
Clav House ,20,4,4/22/20 9:04,2850
Individual: es3690 ,20,1,4/22/20 9:13,2851
Individual: caj2164 ,20,1,4/22/20 9:17,2852
Individual: jjp2197 ,20,1,4/22/20 9:21,2857
Individual: msb2225 ,20,1,4/22/20 9:25,2859
Individual: aja2197 ,20,1,4/22/20 9:29,2862
pamsuite ,20,2,4/22/20 9:33,2866
Individual: anr2142 ,20,1,4/22/20 9:42,2868
Individual: ab4739 ,20,1,4/22/20 9:46,2869
Christian and Nikita ,20,2,4/22/20 9:50,2872
CKRackers ,20,3,4/22/20 9:59,2873
Individual: aeg2223 ,20,1,4/22/20 10:08,2874
PRLMSAKG ,20,8,4/22/20 10:12,2875
Individual: dmh2215 ,20,1,4/22/20 10:21,2879
6amGang ,20,7,4/22/20 10:25,2883
Individual: kk3302 ,20,1,4/22/20 10:34,2884
Individual: jg4056 ,20,1,4/22/20 10:38,2885
az2022 ,20,2,4/22/20 10:42,2888
CuHeaviesJuniors ,20,8,4/22/20 10:51,2890
Individual: mas2528 ,20,1,4/22/20 11:00,2891
Individual: vmb2133 ,20,1,4/22/20 11:04,2893
TAJEGANG ,20,4,4/22/20 11:08,2894
Individual: gmg2168 ,20,1,4/22/20 11:17,2896
chicken butts ,20,4,4/22/20 11:21,2897
Individual: tal2151 ,20,1,4/22/20 11:30,2899
Individual: rmr2193 ,20,1,4/22/20 11:34,2900
tutou ,20,3,4/22/20 11:38,2901
Individual: cw3136 ,20,1,4/22/20 11:47,2902
Tiramisu ,20,2,4/22/20 11:51,2903
W oodbridge2H ,20,2,4/22/20 12:00,2906
Individual: yc3254 ,20,1,4/22/20 12:09,2908
Individual: dab2245 ,20,1,4/22/20 12:13,2910
Individual: yc3568 ,20,1,4/22/20 12:17,2911
~housing fam~ ,20,7,4/22/20 12:21,2914
real housewives of mohi ,20,4,4/22/20 12:30,2915
Individual: ac4442 ,20,1,4/22/20 12:39,2921
Individual: hg2502 ,20,1,4/22/20 12:43,2922
Individual: td2635 ,20,1,4/22/20 12:47,2924
Individual: hlg2131 ,20,1,4/22/20 12:51,2925
Ez+Lo ,20,2,4/22/20 12:55,2927
Individual: mad2298 ,20,1,4/22/20 13:04,2928
Aisha's Group ,20,3,4/22/20 13:08,2929
Lounge Culture ,20,4,4/22/20 13:17,2935
Individual: jk4247 ,20,1,4/22/20 13:26,2936
Individual: mmk2227 ,20,1,4/22/20 13:30,2938
JoshAndIsaac ,20,6,4/22/20 13:34,2939
Hoopers ,20,5,4/22/20 13:43,2940
Dominicanos ,20,4,4/22/20 13:52,2941
Individual: lap2208 ,20,1,4/22/20 14:01,2948
BidenIsSenile ,20,3,4/22/20 14:05,2949
Individual: sg3661 ,20,1,4/22/20 14:14,2952
Individual: ss5970 ,20,1,4/22/20 14:18,2953
Maya and Elizabeth ,20,2,4/22/20 14:22,2954
Individual: sdz2109 ,20,1,4/22/20 14:31,2956
Individual: ecs2220 ,20,1,4/22/20 14:35,2958
Individual: mlw2173 ,20,1,4/22/20 14:39,2959
ALALALALA ,20,3,4/22/20 14:43,2961
Hot Single Ladies ,20,2,4/22/20 14:52,2962
jajnaw ,20,6,4/22/20 15:01,2966
Individual: mf3231 ,20,1,4/22/20 15:10,2967
Three Musketeers ,20,3,4/22/20 15:14,2969
Individual: ocf2103 ,20,1,4/22/20 15:23,2970
Individual: gag2144 ,20,1,4/22/20 15:27,2981
"Hannah Sungmin Annling and Emily ",17.5,4,4/23/20 9:00,3082
2020Housing ,16.6666,3,4/23/20 9:09,3101
JanScar2020 ,15,2,4/23/20 9:18,3292
Res Inc 3.0 ,14,5,4/23/20 9:27,3365
Crescite ,12.5,4,4/23/20 9:36,3411
Hat Cats ,12.5,8,4/23/20 9:45,3434
Sherlock ,12.5,8,4/23/20 9:54,3456
sweet mates ,12,5,4/23/20 10:03,3511
Yavneh CC/SEAS 2023 ,12,5,4/23/20 10:12,3564
531bruv ,11.6666,6,4/23/20 10:21,3648
psv2020 ,11.6666,6,4/23/20 10:30,3700
hehe butt ,11,10,4/23/20 10:39,3710
Individual: grn2112 ,10,1,4/24/20 9:00,4003
Individual: fpb2109 ,10,1,4/24/20 9:04,4004
Sophomore Suite ,10,8,4/24/20 9:08,4005
Individual: rs4029 ,10,1,4/24/20 9:17,4006
groupchat ,10,8,4/24/20 9:21,4007
FluffyPancakes ,10,2,4/24/20 9:30,4008
Putivale ,10,6,4/24/20 9:39,4010
Individual: laq2104 ,10,1,4/24/20 9:48,4014
Individual: jp4010 ,10,1,4/24/20 9:52,4018
BABES ,10,4,4/24/20 9:56,4019
Daddy Poodles ,10,2,4/24/20 10:05,4021
Group 4124 ,10,8,4/24/20 10:14,4023
symposium123 ,10,9,4/24/20 10:23,4024
Individual: srz2116 ,10,1,4/24/20 10:32,4034
Individual: cja2163 ,10,1,4/24/20 10:36,4035
Individual: ser2212 ,10,1,4/24/20 10:40,4036
JJ8 Floor Bois ,10,8,4/24/20 10:44,4038
123-group ,10,2,4/24/20 10:53,4040
Individual: mjs2397 ,10,1,4/24/20 11:02,4041
Individual: sjn2128 ,10,1,4/24/20 11:06,4042
Si-Parlin ,10,2,4/24/20 11:10,4044
Newarking It Out ,10,4,4/24/20 11:19,4046
Individual: ieb2124 ,10,1,4/24/20 11:28,4051
Individual: as5970 ,10,1,4/24/20 11:32,4053
PokemonGurls ,10,7,4/24/20 11:36,4056
Atlas ,10,9,4/24/20 11:45,4057
Individual: tmg2157 ,10,1,4/24/20 11:54,4068
Individual: new2127 ,10,1,4/24/20 11:58,4070
Trap 2.0 ,10,10,4/24/20 12:02,4075
Individual: lc3474 ,10,1,4/24/20 12:11,4077
Individual: ng2702 ,10,1,4/24/20 12:15,4090
Individual: eet2129 ,10,1,4/24/20 12:19,4092
Individual: jjh2213 ,10,1,4/24/20 12:23,4094
duorouputao ,10,4,4/24/20 12:27,4096
"Rachel Karina Ariana ",10,3,4/24/20 12:36,4098
TeamOSAS ,10,4,4/24/20 12:45,4104
Individual: rjf2157 ,10,1,4/24/20 12:54,4106
Individual: ko2474 ,10,1,4/24/20 12:58,4108
Spicy ,10,5,4/24/20 13:02,4110
Individual: ewm2143 ,10,1,4/24/20 13:11,4112
Individual: tz2294 ,10,1,4/24/20 13:15,4113
squad :) ,10,4,4/24/20 13:19,4115
baguette ,10,2,4/24/20 13:28,4116
Individual: jaf2257 ,10,1,4/24/20 13:37,4119
1103 <3 ,10,6,4/24/20 13:41,4120
June&Grace!! ,10,2,4/24/20 13:50,4122
trapsuite ,10,8,4/24/20 13:59,4123
Pablito ,10,7,4/24/20 14:08,4130
Cool Kids ,10,6,4/24/20 14:17,4132
Lion Housing LLC ,10,4,4/24/20 14:26,4133
Individual: sdh2156 ,10,1,4/24/20 14:35,4134
Individual: jpg2178 ,10,1,4/24/20 14:39,4138
Individual: aeo2147 ,10,1,4/24/20 14:43,4142
Individual: sgf2129 ,10,1,4/24/20 14:47,4143
Individual: aio2116 ,10,1,4/24/20 14:51,4144
housing situation in a group format ,10,2,4/24/20 14:55,4147
Individual: cbc2162 ,10,1,4/24/20 15:04,4156
PhilipAndrew ,10,4,4/24/20 15:08,4160
4001 :) ,10,6,4/24/20 15:17,4162
Bertina and Sachiko ,10,2,4/24/20 15:26,4165
Individual: pfc2113 ,10,1,4/24/20 15:35,4172
Individual: eah2219 ,10,1,4/24/20 15:39,4175
borrach2020 ,10,5,4/24/20 15:43,4178
Individual: lgl2123 ,10,1,4/24/20 15:52,4179
Individual: mb4657 ,10,1,4/24/20 15:56,4183
ChanLeeHousing ,10,6,4/24/20 16:00,4184
Individual: all2209 ,10,1,4/24/20 16:09,4187
Individual: kyw2113 ,10,1,4/24/20 16:13,4190
LaFamilia ,10,6,4/24/20 16:17,4191
Individual: ao2734 ,10,1,4/24/20 16:26,4193
Individual: csm2210 ,10,1,4/27/20 9:00,4194
Glasberg's Group ,10,4,4/27/20 9:04,4200
Individual: adm2216 ,10,1,4/27/20 9:13,4210
Haris/Abby ,10,2,4/27/20 9:17,4213
Take the Long Way Home ,10,8,4/27/20 9:26,4214
Suite Home ,10,4,4/27/20 9:35,4217
DMTINI ,10,6,4/27/20 9:44,4223
Individual: jhh2193 ,10,1,4/27/20 9:53,4229
Daddy Housing ,10,2,4/27/20 9:57,4232
Sus-in-nuss ,10,8,4/27/20 10:06,4234
Individual: lln2115 ,10,1,4/27/20 10:15,4244
Individual: rh2928 ,10,1,4/27/20 10:19,4245
Individual: jc5331 ,10,1,4/27/20 10:23,4247
COOPFriendCrush ,10,2,4/27/20 10:27,4248
"Ashley Sybil Claire ",10,3,4/27/20 10:36,4253
Individual: rgj2111 ,10,1,4/27/20 10:45,4259
Amena and Caroline ,10,2,4/27/20 10:49,4262
Individual: mag2352 ,10,1,4/27/20 10:58,4264
LandA ,10,2,4/27/20 11:02,4265
"Max Tommy Luis Matt ",10,4,4/27/20 11:11,4266
housing ,10,7,4/27/20 11:20,4267
Individual: nrb2141 ,10,1,4/27/20 11:29,4273
Individual: sjm2254 ,10,1,4/27/20 11:33,4277
Individual: cmc2356 ,10,1,4/27/20 11:37,4278
Habibis ,10,6,4/27/20 11:41,4279
Diversity Sweet xd ,10,4,4/27/20 11:50,4282
Geezers ,10,10,4/27/20 11:59,4283
gleeks and geeks ,10,8,4/27/20 12:08,4286
Ddukbokki ,10,6,4/27/20 12:17,4293
Individual: gdt2106 ,10,1,4/27/20 12:26,4294
Individual: cmw2232 ,10,1,4/27/20 12:30,4296
JoSh GaZo ,10,4,4/27/20 12:34,4297
Individual: edm2158 ,10,1,4/27/20 12:43,4300
Legumes ,10,5,4/27/20 12:47,4302
Heyyy ,10,3,4/27/20 12:56,4303
Individual: ggp2119 ,10,1,4/27/20 13:05,4304
[4rDS] ,10,9,4/27/20 13:09,4305
Individual: js5582 ,10,1,4/27/20 13:18,4307
Individual: dms2304 ,10,1,4/27/20 13:22,4309
Individual: cjn2125 ,10,1,4/27/20 13:26,4311
CU Housing ,10,9,4/27/20 13:30,4327
The Geezers ,10,2,4/27/20 13:39,4332
sarah and the sosters ,10,6,4/27/20 13:48,4334
homies ,10,9,4/27/20 13:57,4336
Swimmers ,10,6,4/27/20 14:06,4346
MASTERSIMP ,10,2,4/27/20 14:15,4350
silnicole ,10,2,4/27/20 14:24,4353
Llamas ,10,4,4/27/20 14:33,4357
Individual: ead2199 ,10,1,4/27/20 14:42,4364
Individual: smh2278 ,10,1,4/27/20 14:46,4365
hello nico!! ,10,2,4/27/20 14:50,4369
Individual: ag4219 ,10,1,4/27/20 14:59,4377
Individual: lc3473 ,10,1,4/27/20 15:03,4378
Individual: eus2105 ,10,1,4/27/20 15:07,4383
SADJ! ,10,2,4/27/20 15:11,4384
Lou and Gregoire ,10,2,4/27/20 15:20,4387
Individual: lab2275 ,10,1,4/27/20 15:29,4389
Justine's angelic devils ,10,4,4/27/20 15:33,4390
SeanJamesMattKuang ,10,4,4/27/20 15:42,4391
EDIEEM ,10,2,4/27/20 15:51,4392
Individual: laa2186 ,10,1,4/27/20 16:00,4393
GRaViTy ,10,4,4/27/20 16:04,4396
Buncha SEAS Prudes + 2 CC ,10,6,4/27/20 16:13,4397
CUFrosh ,10,8,4/27/20 16:22,4399
Individual: sz2882 ,10,1,4/28/20 9:00,4401
The Triumvirate ,10,6,4/28/20 9:04,4402
Individual: mas2545 ,10,1,4/28/20 9:13,4405
LSDEE ,10,4,4/28/20 9:17,4409
furnald or bust ,10,8,4/28/20 9:26,4415
Singles Not Ready to Mingle ,10,5,4/28/20 9:35,4419
Individual: bjs2228 ,10,1,4/28/20 9:44,4424
Individual: njl2141 ,10,1,4/28/20 9:48,4425
Individual: mie2114 ,10,1,4/28/20 9:52,4429
Sierra and Elsa ,10,2,4/28/20 9:56,4430
the swederlands ,10,2,4/28/20 10:05,4431
Ohana ,10,6,4/28/20 10:14,4432
714 Continued ,10,4,4/28/20 10:23,4433
Helena's Bedtime ,10,6,4/28/20 10:32,4434
Individual: ee2475 ,10,1,4/28/20 10:41,4441
912B ,10,4,4/28/20 10:45,4449
Individual: sdm2182 ,10,1,4/28/20 10:54,4451
Casa de la Dilla ,10,6,4/28/20 10:58,4452
floorteen ,10,10,4/28/20 11:07,4462
Columbia Fencing Sophomores ,10,5,4/28/20 11:16,4466
margotzoe ,10,2,4/28/20 11:25,4467
Housing Hoes ,10,4,4/28/20 11:34,4468
EliOli ,10,2,4/28/20 11:43,4469
Individual: jmg2354 ,10,1,4/28/20 11:52,4471
Individual: mga2145 ,10,1,4/28/20 11:56,4472
Individual: jsh2233 ,10,1,4/28/20 12:00,4476
Ellie and Erica ,10,2,4/28/20 12:04,4478
Dutch Blitz ,10,3,4/28/20 12:13,4491
Individual: klg2168 ,10,1,4/28/20 12:22,4494
Individual: aj2927 ,10,1,4/28/20 12:26,4498
Fishes ,10,4,4/28/20 12:30,4499
Individual: hc3150 ,10,1,4/28/20 12:39,4500
blowouts ,10,4,4/28/20 12:43,4506
Individual: ja3415 ,10,1,4/28/20 12:52,4507
Individual: el3030 ,10,1,4/28/20 12:56,4513
Individual: sdh2155 ,10,1,4/28/20 13:00,4516
Michelle and Caitlin ,10,2,4/28/20 13:04,4517
M&M's ,10,8,4/28/20 13:13,4521
Individual: jph2188 ,10,1,4/28/20 13:22,4528
Individual: ma4004 ,10,1,4/28/20 13:26,4532
Individual: sbl2145 ,10,1,4/28/20 13:30,4538
Individual: mcj2143 ,10,1,4/28/20 13:34,4548
Individual: cke2110 ,10,1,4/28/20 13:38,4553
Individual: rgs2147 ,10,1,4/28/20 13:42,4555
The guys ,10,3,4/28/20 13:46,4556
Individual: jbg2162 ,10,1,4/28/20 13:55,4559
Individual: ek3088 ,10,1,4/28/20 13:59,4560
Individual: jmg2353 ,10,1,4/28/20 14:03,4561
Choom Gang ,10,2,4/28/20 14:07,4563
Individual: anm2194 ,10,1,4/28/20 14:16,4564
Individual: ljg2166 ,10,1,4/28/20 14:20,4565
Individual: mec2293 ,10,1,4/28/20 14:24,4574
Swish ,10,10,4/28/20 14:28,4577
MRW&SBC ,10,2,4/28/20 14:37,4582
HarvardRejects ,10,6,4/28/20 14:46,4603
sophomore sanity (no hope) ,10,2,4/28/20 14:55,4606
Individual: fah2118 ,10,1,4/28/20 15:04,4608
Practice ,10,4,4/28/20 15:08,4609
Casa Latina 2.0 ,10,6,4/28/20 15:17,4611
Individual: aal2177 ,10,1,4/28/20 15:26,4618
Chi Phi Chi ,10,5,4/28/20 15:30,4621
Individual: beb2167 ,10,1,4/28/20 15:39,4623
Individual: ekf2128 ,10,1,4/28/20 15:43,4625
Individual: jge2109 ,10,1,4/28/20 15:47,4626
ChiantiClassico ,10,7,4/28/20 15:51,4627
MIEW 4 ,10,4,4/28/20 16:00,4628
Individual: tco2106 ,10,1,4/28/20 16:09,4634
Individual: mb4659 ,10,1,4/28/20 16:13,4635
Individual: nwa2107 ,10,1,4/28/20 16:17,4639
SFGALH ,10,6,4/28/20 16:21,4640
BEBs and SEGs ,10,4,4/29/20 9:00,4643
suitegreens ,10,9,4/29/20 9:09,4645
Individual: tlg2141 ,10,1,4/29/20 9:18,4648
kwakhan ,10,2,4/29/20 9:22,4651
JJ5.2 ,10,2,4/29/20 9:31,4653
Individual: tat2149 ,10,1,4/29/20 9:40,4657
Individual: pak2145 ,10,1,4/29/20 9:44,4664
Individual: WITHHELD ,10,1,4/29/20 9:48,4665
Individual: jsw2193 ,10,1,4/29/20 9:52,4670
ThreeHandMusketeer ,10,3,4/29/20 9:56,4679
#JHND ,10,4,4/29/20 10:05,4680
Stephen's Angels ,10,2,4/29/20 10:14,4685
OG Applesauce ,10,6,4/29/20 10:23,4693
Nathan and Casey ,10,2,4/29/20 10:32,4696
Atlanta ,10,4,4/29/20 10:41,4697
Individual: ns3424 ,10,1,4/29/20 10:50,4699
Chims Seeds ,10,8,4/29/20 10:54,4704
group 1 ,10,8,4/29/20 11:03,4705
Individual: ss5946 ,10,1,4/29/20 11:12,4706
futon council ,10,3,4/29/20 11:16,4707
Nicki&Stas ,10,2,4/29/20 11:25,4708
kate squared housing group ,10,10,4/29/20 11:34,4712
Individual: cl3944 ,10,1,4/29/20 11:43,4721
furn 2 and friends! ,10,4,4/29/20 11:47,4722
Ferris Biscuit ,10,8,4/29/20 11:56,4725
Individual: yl4389 ,10,1,4/29/20 12:05,4728
614 and friends ,10,8,4/29/20 12:09,4729
<empty> ,10,8,4/29/20 12:18,4732
i want a wheel of brie ,10,2,4/29/20 12:27,4733
graisy ,10,3,4/29/20 12:36,4734
Doja Cat ,10,10,4/29/20 12:45,4738
Individual: sc4644 ,10,1,4/29/20 12:54,4742
Individual: jcw2220 ,10,1,4/29/20 12:58,4744
Individual: rcf2134 ,10,1,4/29/20 13:02,4748
Individual: ll3099 ,10,1,4/29/20 13:06,4749
InfernoLvl100 ,10,7,4/29/20 13:10,4752
Individual: jdg2209 ,10,1,4/29/20 13:19,4754
Individual: apm2196 ,10,1,4/29/20 13:23,4755
GH Sisters ,10,4,4/29/20 13:27,4758
SteveNash ,10,2,4/29/20 13:36,4759
Individual: aew2203 ,10,1,4/29/20 13:45,4760
Noah and Jeffrey ,10,2,4/29/20 13:49,4764
Individual: esb2185 ,10,1,4/29/20 13:58,4768
ME ACTIVE ,10,5,4/29/20 14:02,4770
Individual: mak2298 ,10,1,4/29/20 14:11,4772
Individual: jp4013 ,10,1,4/29/20 14:15,4773
707LIVESON ,10,6,4/29/20 14:19,4776
Individual: rdr2139 ,10,1,4/29/20 14:28,4781
Individual: km3533 ,10,1,4/29/20 14:32,4782
narjes and alexa ,10,2,4/29/20 14:36,4787
Individual: njd2135 ,10,1,4/29/20 14:45,4788
suite life of nuss ,10,6,4/29/20 14:49,4789
Kat and Soph ,10,2,4/29/20 14:58,4792
Individual: dz2428 ,10,1,4/29/20 15:07,4796
fall2021abcd ,10,2,4/29/20 15:11,4797
Individual: jp4011 ,10,1,4/29/20 15:20,4801
Individual: dfc2126 ,10,1,4/29/20 15:24,4807
Individual: jls2365 ,10,1,4/29/20 15:28,4811
Ultimate Frisbee ,10,7,4/29/20 15:32,4814
Individual: emy2112 ,10,1,4/29/20 15:41,4815
nerdalicious ,10,4,4/29/20 15:45,4818
Individual: crb2212 ,10,1,4/29/20 15:54,4821
Just Another Group ,10,7,4/29/20 15:58,4824
litato chipz ,10,8,4/29/20 16:07,4825
Individual: msm2266 ,10,1,4/29/20 16:16,4839
Individual: hh2838 ,10,1,4/29/20 16:20,4840
Crew and Couch Potatoes ,10,7,4/30/20 9:00,4843
James but with Meme T eam ,10,4,4/30/20 9:09,4844
Individual: gen2109 ,10,1,4/30/20 9:18,4845
The 'mates ,10,6,4/30/20 9:22,4850
Individual: lpd2124 ,10,1,4/30/20 9:31,4851
Poggers ,10,7,4/30/20 9:35,4852
YasminEzgi ,10,7,4/30/20 9:44,4855
Kales & Olivia ,10,4,4/30/20 9:53,4860
Nussforus ,10,6,4/30/20 10:02,4863
imtall ,10,2,4/30/20 10:11,4882
pinotnoir545 ,10,4,4/30/20 10:20,4889
Hot Juan ,10,4,4/30/20 10:29,4893
heckcolumbiahousing ,10,2,4/30/20 10:38,4896
Suite Life 2 ,10,7,4/30/20 10:47,4898
Individual: pgl2110 ,10,1,4/30/20 10:56,4903
Individual: kcn2114 ,10,1,4/30/20 11:00,4904
alqaim&grayson ,10,2,4/30/20 11:04,4912
The Orange Sloths ,10,6,4/30/20 11:13,4914
Individual: jm5009 ,10,1,4/30/20 11:22,4916
Sexy Alma Maters ,10,8,4/30/20 11:26,4917
Jj7swim ,10,6,4/30/20 11:35,4919
Individual: aso2125 ,10,1,4/30/20 11:44,4930
Individual: tgs2120 ,10,1,4/30/20 11:48,4931
Individual: ry2387 ,10,1,4/30/20 11:52,4933
Annie & Tia ,10,2,4/30/20 11:56,4936
Individual: al4008 ,10,1,4/30/20 12:05,4938
Individual: mee2159 ,10,1,4/30/20 12:09,4939
DEBBIE ,10,9,4/30/20 12:13,4940
Individual: mr3986 ,10,1,4/30/20 12:22,4944
Multnomah ,10,2,4/30/20 12:26,4947
Individual: mlb2278 ,10,1,4/30/20 12:35,4949
Individual: png2109 ,10,1,4/30/20 12:39,4950
Giordana and Brenna ,10,2,4/30/20 12:43,4951
Individual: ccm2183 ,10,1,4/30/20 12:52,4953
WienHousing ,10,8,4/30/20 12:56,4954
Individual: kmc2291 ,10,1,4/30/20 13:05,4955
SopHousing ,10,4,4/30/20 13:09,4959
Individual: zaw2111 ,10,1,4/30/20 13:18,4962
212GroupNumber1 ,10,6,4/30/20 13:22,4966
Maverick ,10,5,4/30/20 13:31,4969
Individual: wjm2139 ,10,1,4/30/20 13:40,4970
Pinkhoodie ,10,3,4/30/20 13:44,4973
Individual: mt3407 ,10,1,4/30/20 13:53,4976
zavems ,10,6,4/30/20 13:57,4977
Power Puff Girls ,10,6,4/30/20 14:06,4978
Individual: hy2638 ,10,1,4/30/20 14:15,4979
